{
  "model_type": "neural_network",
  "version": "20251114_005826",
  "input_size": 9,
  "hidden_size1": 128,
  "hidden_size2": 64,
  "num_classes": 3,
  "training_date": "2025-11-14T00:58:46.077001+00:00",
  "metrics": {
    "accuracy": 0.8518471819442693,
    "precision": 0.725643621386393,
    "recall": 0.8518471819442693,
    "f1_score": 0.7836970873855088
  }
}