{
  "model_type": "random_forest",
  "version": "20251114_005826",
  "n_estimators": 100,
  "max_depth": 10,
  "training_date": "2025-11-14T00:58:51.030110+00:00",
  "metrics": {
    "accuracy": 0.8519732694489976,
    "precision": 0.7782854007699773,
    "recall": 0.8519732694489976,
    "f1_score": 0.7849591782031103
  }
}